id;date;time;trigger;fatalities;injuries;location_description;location_accuracy;landslide_size;population;countrycode;geolocation
7474;01.12.2015;;Rain;0;0;Above_road;Known_within_5km;Medium;14400;JM;(18.134, -76.455100000000002)
3842;25.07.2011;;Rain;0;;;Known_within_10_km;Small;629;US;(37.428800000000003, -105.447)
3835;22.07.2011;;Tropical_Cyclone;0;;;Unknown;Medium;2817;MX;(19.580500000000001, -101.70229999999999)
3812;19.07.2011;;Rain;0;;;Known_within_5_km;Small;6447;US;(39.6492, -106.5372)
3834;22.07.2011;;Tropical_Cyclone;0;;;Unknown;Medium;165250;MX;(17.497399999999999, -99.537999999999997)
3409;25.04.2011;;Downpour;0;;;Known_within_1_km;Small;3234;US;(39.136899999999997, -84.790400000000005)
7473;01.12.2015;;Rain;0;0;Above_road;Known_within_10km;Medium;13671;JM;(18.4313, -77.191900000000004)
7472;01.12.2015;;Rain;0;0;Above_road;Known_within_5km;Small;12873;JM;(18.091799999999999, -76.942899999999995)
7435;24.11.2015;;Rain;0;0;Retaining_wall;Known_within_5km;Small;122194;GT;(14.4758, -90.531199999999998)
7429;23.11.2015;;Rain;0;6;Unknown;Known_within_10km;Medium;97172;GT;(14.6881, -90.486000000000004)
7503;23.11.2015;;Rain;0;0;Unknown;Known_within_10km;Medium;1908;PA;(8.7867999999999995, -82.866200000000006)
7493;23.11.2015;;Unknown;0;0;Above_road;Known_within_10km;Small;11680;CR;(9.1463999999999999, -83.326800000000006)
7504;22.11.2015;;Rain;0;0;Above_road;Known_within_10km;Medium;0;PA;(8.7462999999999997, -82.456900000000005)
7459;21.11.2015;22:30;Rain;1;0;Below_road;Known_within_25km;Medium;1340;HN;(14.689299999999999, -88.809799999999996)
7487;18.11.2015;01:11;Unknown;1;0;Unknown;Known_within_5km;Small;47494;CR;(10.0442, -84.210599999999999)
7452;16.11.2015;;Rain;0;0;Unknown;Known_within_10km;Medium;29607;PA;(9.3626000000000005, -79.822100000000006)
7507;11.11.2015;;Downpour;0;0;Above_road;Known_within_25km;Small;2823;PA;(8.8330000000000002, -82.801400000000001)
7496;11.11.2015;;Rain;0;0;Above_road;Known_within_10km;Small;8292;CR;(9.8747000000000007, -84.384100000000004)
7495;05.11.2015;;Rain;0;0;Above_road;Known_within_5km;Medium;5467;CR;(9.3496000000000006, -83.5565)
7444;29.10.2015;;Rain;0;0;Above_road;Known_within_1km;Medium;26047;CR;(9.9573999999999998, -84.087900000000005)
7488;29.10.2015;;Downpour;1;0;Unknown;Known_within_5km;Medium;11853;CR;(10.114000000000001, -84.389200000000002)
7455;29.10.2015;;Continuous_rain;1;0;Unknown;Known_within_10km;Medium;4673;HN;(14.9064, -87.593000000000004)
7515;21.10.2015;;Rain;0;0;Above_road;Known_within_15km;Medium;19092;MX;(15.3482, -92.252300000000005)
7516;21.10.2015;;Rain;0;0;Below_road;Known_within_25km;Medium;18608;MX;(17.705500000000001, -91.741600000000005)
7346;19.10.2015;;Tropical_Cyclone;0;0;Above_road;Known_within_25km;Medium;3634;GT;(14.1974, -90.274299999999997)
7347;19.10.2015;;Rain;0;0;Above_road;Known_within_50km;Medium;2680;GT;(14.3855, -91.178899999999999)
7442;19.10.2015;;Downpour;0;1;Unknown;Known_within_10km;Medium;9936;SV;(13.845700000000001, -89.744500000000002)
7456;16.10.2015;23:00;Rain;5;0;Deforested_slope;Known_within_5km;Medium;1470;HN;(14.574199999999999, -87.7286)
7433;15.10.2015;;Rain;1;0;Unknown;Known_within_25km;Medium;4671;GT;(15.5779, -89.732100000000003)
7490;15.10.2015;;Downpour;0;0;Above_road;Known_within_10km;Medium;4060;CR;(9.7917000000000005, -83.981499999999997)
7518;15.10.2015;;Flooding;0;0;Below_road;Known_within_50km;Medium;32415;MX;(17.4054, -91.2988)
7501;08.10.2015;;Rain;0;0;Above_road;Known_within_10km;Small;0;PA;(9.1260999999999992, -82.299599999999998)
7470;08.10.2015;;Rain;0;0;Unknown;Known_within_10km;Medium;6955;NI;(13.817600000000001, -85.688000000000002)
7431;07.10.2015;;Rain;0;0;Unknown;Known_within_50km;Medium;2500;MX;(17.91, -92.895600000000002)
7430;07.10.2015;;Rain;0;0;Unknown;Known_within_50km;Medium;1042;MX;(17.376799999999999, -92.743899999999996)
7439;06.10.2015;;Rain;0;0;Above_road;Known_within_25km;Small;45654;GT;(14.7159, -91.870800000000003)
7479;03.10.2015;night;Tropical_Cyclone;0;0;Unknown;Known_within_50km;Medium;1201;MX;(17.558599999999998, -98.948300000000003)
7510;31.08.2015;;Downpour;0;0;Urban_area;Known_within_5km;Medium;321501;PA;(9.0687999999999995, -79.494399999999999)
7511;31.08.2015;;Downpour;0;0;Urban_area;Known_within_5km;Medium;321501;PA;(9.0771999999999995, -79.488200000000006)
7505;26.08.2015;;Continuous_rain;0;0;Below_road;Known_within_15km;Medium;0;PA;(8.5771999999999995, -82.8232)
7340;15.08.2015;;Rain;0;0;Urban_area;Known_within_1km;Small;416427;US;(38.811300000000003, -104.8545)
7230;19.07.2015;;Downpour;0;0;Above_road;Known_within_1km;Small;1502;US;(33.097999999999999, -116.6468)
7480;23.07.2015;;Rain;0;0;Above_road;Known_within_15km;Medium;16056;NI;(13.7484, -84.778000000000006)
7257;21.07.2015;;Downpour;0;0;Above_road;Known_within_1km;Small;1638;US;(38.183799999999998, -81.313900000000004)
7231;19.07.2015;;Downpour;0;0;Above_road;Known_within_1km;Small;10109;US;(33.068100000000001, -116.7469)
7233;19.07.2015;;Downpour;0;1;Below_road;Known_within_5km;Medium;1006;US;(33.712000000000003, -115.3871)
7229;19.07.2015;;Downpour;0;0;Above_road;Known_within_1km;Small;20292;US;(33.074199999999998, -116.9029)
7232;19.07.2015;;Downpour;0;0;Below_road;Known_within_1km;small;20292;US;(33.049999999999997, -116.836)
7438;18.07.2015;;Rain;0;0;Above_road;Known_within_5km;Small;10095;SV;(13.846399999999999, -89.450199999999995)
7498;29.06.2015;;Downpour;0;0;Unknown;Known_within_5km;Medium;918;PA;(9.2102000000000004, -82.370500000000007)
7200;14.07.2015;;Continuous_rain;0;0;Above_road;Known_within_1km;Small;6097;US;(36.203200000000002, -82.467299999999994)
7219;14.07.2015;;Continuous_rain;0;0;Above_road;Known_within_2km;Small;6903;US;(37.407800000000002, -82.4405)
7193;13.07.2015;;Continuous_rain;0;0;Above_road;Exact_Location;Small;994;US;(38.499000000000002, -80.720500000000001)
7216;13.07.2015;;Downpour;0;0;Above_road;Known_within_1km;Small;1009;US;(38.565300000000001, -80.445899999999995)
7217;13.07.2015;;downpour;0;0;Above_road;Known_within_1km;Small;1009;US;(38.480699999999999, -80.413799999999995)
7197;12.07.2015;13:00;Continuous_rain;0;0;Above_road;Known_within_1km;Small;1036;US;(40.21, -80.574100000000001)
7428;11.07.2015;morning;Rain;0;0;Urban_area;Known_within_5km;Medium;97172;GT;(14.689, -90.490200000000002)
7218;11.07.2015;overnight;Continuous_rain;0;0;Below_road;Known_within_1km;Small;17916;US;(39.728099999999998, -91.370800000000003)
7142;07.07.2015;overnight;Continuous_rain;0;0;Deforested_slope;Known_within_5km;Medium;2325;US;(37.851399999999998, -107.7791)
7514;23.05.2015;;Rain;0;0;Below_road;Known_within_10km;Medium;3796;MX;(15.0337, -92.112399999999994)
7179;06.07.2015;;Downpour;0;0;Above_road;Known_within_1km;Small;1355;CR;(10.0678, -84.003299999999996)
7180;06.07.2015;;Downpour;0;0;Above_road;Known_within_1km;Small;0;CR;(10.1495, -83.943600000000004)
7082;03.07.2015;;Unknown;0;0;Above_road;Known_within_1km;Small;637;US;(37.782699999999998, -107.6666)
7085;30.06.2015;;Downpour;0;0;Natural_slope;Exact_Location;Small;2304;US;(38.942399999999999, -84.8459)
7497;29.06.2015;;Downpour;0;0;Above_road;Known_within_25km;Small;22900;PA;(9.3879999999999999, -82.485799999999998)
7030;24.06.2015;;Downpour;0;0;Above_road;Exact_Location;Medium;3009;US;(43.500900000000001, -108.164)
6987;23.06.2015;21:00;Unknown;0;0;Above_river;Known_within_1km;Medium;1569;US;(40.982199999999999, -80.343299999999999)
7489;21.06.2015;morning;Rain;0;0;Above_road;Known_within_10km;Small;993;PA;(8.907, -82.186700000000002)
6940;19.06.2015;;Continuous_rain;0;0;Natural_slope;Known_within_1km;Medium;6900;US;(38.7714, -104.8574)
6953;18.06.2015;;;0;0;Above_road;Known_within_5km;Small;1432;US;(40.481000000000002, -79.880099999999999)
6954;18.06.2015;06:45;Tropical_Cyclone;0;0;Above_road;Exact_Location;Small;2683;US;(34.440600000000003, -97.128)
6943;17.06.2015;;Continuous_rain;0;0;Below_road;Known_within_5km;Small;3010;CR;(10.44, -84.608900000000006)
6957;16.06.2015;;Continuous_rain;0;0;Above_road;Known_within_1km;Small;20978;US;(40.331499999999998, -78.925299999999993)
6956;16.06.2015;morning;Continuous_rain;0;0;Natural_slope;Known_within_1km;Small;3684;US;(35.713099999999997, -93.8001)
7468;13.06.2015;afternoon;Downpour;0;1;Urban_area;Known_within_5km;Medium;1121;HN;(14.059200000000001, -87.155000000000001)
6986;13.06.2015;13:00;Rain;0;0;Above_road;Known_within_10km;Medium;1972;CO;(2.8696000000000002, -76.303399999999996)
7477;12.06.2015;;Rain;0;0;Above_road;Unknown;Medium;1902;NI;(12.5769, -86.041799999999995)
7448;11.06.2015;;Rain;0;0;Above_road;Known_within_5km;Medium;1164;HN;(13.5807, -86.9101)
7478;10.06.2015;night;Rain;0;38;Deforested_slope;Known_within_5km;Small;6315;NI;(13.9719, -84.670100000000005)
6960;10.06.2015;;Continuous_rain;0;0;Below_road;Known_within_1km;Medium;23330;US;(33.290700000000001, -87.550600000000003)
7443;09.06.2015;;Unknown;0;0;Above_road;Known_within_15km;Medium;1160;HN;(13.961600000000001, -86.563000000000002)
7412;06.06.2015;;Rain;0;0;Above_road;Known_within_25km;Medium;28492;GT;(14.4236, -90.479200000000006)
7453;05.06.2015;afternoon;Downpour;0;0;Above_road;Known_within_10km;Medium;0;PA;(9.1805000000000003, -79.089600000000004)
7052;19.05.2015;;Continuous_rain;0;0;Above_road;Known_within_10km;Medium;3582;US;(38.551400000000001, -105.0973)
7019;30.05.2015;afternoon;Continuous_rain;0;0;natural_slope;Exact_Location;Small;112488;US;(40.250599999999999, -111.6324)
7046;23.05.2015;;Flooding;0;0;Unknown;Known_within_5km;Small;1114;US;(34.520800000000001, -95.285899999999998)
7054;20.05.2015;;Unknown;0;0;Above_road;Known_within_5km;Small;2139;US;(37.122999999999998, -82.795299999999997)
7053;19.05.2015;;Continuous_rain;0;0;Below_road;Known_within_10km;Medium;3582;US;(38.552599999999998, -105.09480000000001)
7056;17.05.2015;;Rain;0;0;Urban_area;Known_within_1km;Medium;1173;MX;(32.519599999999997, -117.0898)
7060;13.05.2015;;Continuous_rain;0;0;Natural_slope;Exact_Location;Small;6680;US;(38.921799999999998, -104.8365)
7465;13.05.2015;;Construction;0;0;Urban_area;Known_within_5km;Medium;652136;MX;(16.898900000000001, -99.9452)
7064;10.05.2015;;Downpour;0;0;Above_road;Known_within_10km;Small;1012;US;(35.500799999999998, -93.682100000000005)
7065;09.05.2015;12:20;Unknown;0;0;Natural_slope;Exact_Location;Small;3744;US;(40.484900000000003, -80.012799999999999)
7513;09.05.2015;;Downpour;0;0;Above_road;Known_within_25km;Medium;4811;CO;(7.1106999999999996, -76.408900000000003)
7434;04.05.2015;13:32;Unknown;0;0;Above_road;Known_within_50km;Medium;11121;GT;(14.2202, -91.226399999999998)
6994;29.04.2015;;Continuous_rain;0;0;Natural_slope;Known_within_1km;Medium;12088;US;(40.480200000000004, -106.83929999999999)
7120;27.04.2015;;Unknown;0;0;Above_road;Known_within_1km;Small;4456;US;(37.268500000000003, -83.208200000000005)
7124;20.04.2015;;Construction;0;0;Above_river;Known_within_1km;Medium;8195;US;(42.6404, -73.821600000000004)
7129;20.04.2015;;Continuous_rain;0;0;Above_river;Known_within_5km;Small;9486;US;(30.427299999999999, -88.880700000000004)
7130;19.04.2015;;Unknown;0;0;Above_road;Known_within_1km;Medium;2633;US;(40.154800000000002, -79.738900000000001)
7132;17.04.2015;;Downpour;0;0;Above_road;Known_within_5km;Small;5439;US;(39.463099999999997, -79.009)
7136;17.04.2015;;Unknown;0;0;Below_road;Known_within_1km;Small;1746;US;(40.545299999999997, -79.808999999999997)
7146;14.04.2015;;Downpour;0;0;Above_road;Known_within_10km;Small;5245;US;(36.687800000000003, -84.244399999999999)
7144;14.04.2015;afternoon;Downpour;0;0;Natural_slope;Known_within_1km;Small;3255;US;(37.576099999999997, -82.759200000000007)
7151;11.04.2015;08:30;Continuous_rain;0;0;Above_road;Known_within_1km;Small;1860;US;(39.439599999999999, -81.149500000000003)
7154;10.04.2015;;Continuous_rain;0;0;Above_road;Known_within_15km;Small;13175;US;(38.4803, -81.924599999999998)
7152;10.04.2015;;Continuous_rain;0;0;Natural_slope;Known_within_5km;Medium;1526;US;(39.958199999999998, -80.794200000000004)
7153;10.04.2015;;Continuous_rain;0;0;Above_road;Known_within_5km;Small;1482;US;(40.227800000000002, -80.653400000000005)
6914;21.03.2015;;Unknown;0;0;Natural_slope;Known_within_25km;Medium;4350;CO;(1.1656, -76.875500000000002)
6918;20.03.2015;;Unknown;0;0;Below_road;Known_within_1km;Small;12943;US;(36.180700000000002, -93.203000000000003)
6893;18.03.2015;night;Continuous_rain;0;0;Above_road;Known_within_15km;Small;13035;EC;(-4.3312999999999997, -79.781099999999995)
6888;18.03.2015;morning;Unknown;0;0;Below_road;Known_within_10km;Small;3924;US;(40.411499999999997, -80.784400000000005)
6900;18.03.2015;;Continuous_rain;0;0;Unknown;Known_within_25km;Medium;117796;EC;(-4.0094000000000003, -79.207300000000004)
6901;18.03.2015;;Continuous_rain;0;0;Above_road;Known_within_25km;Medium;18565;EC;(-4.1379999999999999, -79.406899999999993)
6902;18.03.2015;;Continuous_rain;0;0;Above_road;Known_within_50km;Medium;276964;EC;(-2.8660000000000001, -79.089200000000005)
7492;18.03.2015;;Downpour;0;0;Urban_area;Known_within_10km;Medium;26594;CR;(9.8815000000000008, -83.940100000000001)
6920;14.03.2015;;Flooding;0;0;Below_road;Known_within_1km;Small;2620;US;(39.153700000000001, -84.236099999999993)
6859;12.03.2015;11:50;Rain;0;0;Mine_construction;Exact_Location;Medium;51400;US;(38.368600000000001, -81.602599999999995)
6853;09.03.2015;afternoon;Rain;0;0;Below_road;Known_within_1km;Medium;2672;US;(37.477400000000003, -86.922499999999999)
6838;05.03.2015;afternoon;Rain;0;0;Natural_slope;Known_within_50km;Small;3286;US;(36.997199999999999, -82.555999999999997)
6828;03.03.2015;;Downpour;0;0;Above_road;Unknown;Medium;0;PE;(-5.7134999999999998, -77.608099999999993)
6791;21.02.2015;;Snowfall_snowmelt;0;0;Above_road;Known_within_5km;Small;3884;US;(37.811599999999999, -79.798900000000003)
6787;21.02.2015;;Unknown;0;0;Above_road;Known_within_25km;Small;8987;US;(40.764299999999999, -80.231499999999997)
7502;10.02.2015;;Rain;0;0;Above_road;Known_within_50km;Medium;0;PA;(8.5121000000000002, -82.051299999999998)
6735;28.01.2015;23:00;Continuous_rain;0;0;Below_road;Exact_Location;Small;34877;CR;(9.7962000000000007, -83.949799999999996)
3720;03.07.2011;;Downpour;0;;;Known_within_10_km;Large;1509;US;(39.092799999999997, -84.185699999999997)
3721;03.07.2011;;Downpour;0;;;Known_within_10_km;Large;15273;US;(39.103099999999998, -84.512)
3722;03.07.2011;;Rain;0;;;Unknown;Medium;0;VE;(10.3606, -67.309700000000007)
3410;25.04.2011;;Downpour;0;;;Known_within_1_km;Small;4407;US;(39.097799999999999, -84.560400000000001)
4014;15.10.2011;;Downpour;5;;;Known_within_1_km;Medium;16225;CO;(5.92, -76.2363)
4009;12.10.2011;;Downpour;2;;;Known_within_1_km;Medium;16520;MX;(19.237200000000001, -104.5656)
4108;25.12.2011;;Downpour;0;;;Known_within_1_km;Large;15067;TT;(10.790100000000001, -61.298400000000001)
3985;25.09.2011;;Downpour;0;;;Known_within_25_km;Medium;34877;CR;(9.2509999999999994, -83.859099999999998)
4091;13.12.2011;;Downpour;1;;;Known_within_10_km;Medium;8751;CO;(1.6055999999999999, -76.974199999999996)
4104;23.12.2011;;Downpour;0;;;Known_within_5_km;Medium;179583;CO;(4.8349000000000002, -75.662099999999995)
3981;20.09.2011;15:00;Rain;15;;;Known_within_5_km;Large;14100;GT;(15.807600000000001, -91.314800000000005)
4121;30.12.2011;;Downpour;3;1;Unknown;Known_within_25km;Medium;163007;CO;(5.5138999999999996, -75.013800000000003)
4106;23.12.2011;;Downpour;0;;;Known_within_1_km;Small;5338;US;(39.125100000000003, -84.467399999999998)
4105;23.12.2011;00:00:00;Downpour;0;;;Exact_location;Small;2449;US;(40.517200000000003, -80.094099999999997)
4097;16.12.2011;;Downpour;9;;;Known_within_5_km;Large;9327;CO;(5.2504999999999997, -75.500100000000003)
4096;16.12.2011;;Downpour;1;;;Known_within_1_km;Large;431781;CO;(11.2475, -74.201700000000002)
4095;15.12.2011;;Downpour;9;;;Known_within_1_km;Large;2394;CO;(1.5069999999999999, -77.222300000000004)
4094;15.12.2011;;Downpour;5;;;Known_within_1_km;Large;5976;CO;(5.4958, -75.014399999999995)
3967;08.09.2011;;Rain;0;;;Known_within_1_km;Medium;15311;US;(40.638300000000001, -74.500699999999995)
4087;06.12.2011;;Downpour;2;;;Known_within_15_km;Very_large;3000000;VE;(10.491899999999999, -66.902199999999993)
4057;22.11.2011;;Rain;0;;;Known_within_1_km;Medium;5012;US;(40.523800000000001, -75.779600000000002)
3993;27.09.2011;;Downpour;6;;;Known_within_15_km;Medium;1999979;CO;(6.2432999999999996, -75.576700000000002)
4072;30.11.2011;04:30:00;Downpour;0;;;Known_within_25_km;Medium;14770;US;(34.678100000000001, -86.034300000000002)
4071;29.11.2011;;Downpour;3;;;Known_within_5_km;Medium;54421;CO;(4.6779999999999999, -74.138000000000005)
3825;21.07.2011;;Rain;0;;;Known_within_15_km;Medium;2768;US;(29.387899999999998, -82.485399999999998)
4064;24.11.2011;;Downpour;0;;;Known_within_25_km;Medium;9309;CO;(4.4375999999999998, -75.497600000000006)
4037;04.11.2011;Night;Downpour;48;;;Known_within_10_km;Very_large;357814;CO;(5.0742000000000003, -75.5197)
4036;04.11.2011;Night;Downpour;4;;;Known_within_5_km;Large;62170;CO;(4.5373999999999999, -75.650199999999998)
4032;31.10.2011;06:00:00;Downpour;0;;;Known_within_1_km;Medium;8140;TT;(10.7539, -61.4407)
3826;21.07.2011;Morning;Downpour;0;;;Known_within_1_km;Medium;4456;US;(37.210099999999997, -83.113699999999994)
4031;31.10.2011;;Downpour;0;;Natural_slope;Known_within_1km;Medium;6784;CR;(9.9792000000000005, -83.852500000000006)
4029;25.10.2011;09:30:00;Downpour;0;;;Known_within_5_km;Medium;157258;TT;(10.6487, -61.495399999999997)
4008;10.10.2011;;Downpour;32;;;Unknown;Very_large;112158;SV;(13.7874, -89.16)
4006;08.10.2011;05:00:00;Rain;0;0;;Known_within_10_km;Large;28857;US;(37.653599999999997, -112.9821)
4005;07.10.2011;Morning;Downpour;3;;;Known_within_25_km;Large;240387;CO;(3.8580999999999999, -76.850099999999998)
3988;26.09.2011;;Downpour;2;;;Known_within_5_km;Medium;850848;HN;(14.086499999999999, -87.217200000000005)
3957;01.09.2011;06:45:00;Rain;0;;;Known_within_1_km;Small;902;BM;(32.281500000000001, -64.778499999999994)
3926;15.08.2011;;Downpour;0;;;Known_within_1_km;Small;4933;US;(41.183799999999998, -74.518699999999995)
3911;11.08.2011;;Rain;0;;;Known_within_1_km;Small;2541;US;(40.497999999999998, -80.302000000000007)
3883;05.08.2011;;Downpour;0;;;Known_within_50_km;Small;3944;US;(35.710799999999999, -83.499799999999993)
3811;19.07.2011;19:00:00;Downpour;0;;;Known_within_5_km;Small;441;US;(37.774999999999999, -83.677199999999999)
3833;22.07.2011;;Tropical_Cyclone;0;;;Known_within_50_km;Medium;127235;MX;(19.244399999999999, -103.7244)
3832;22.07.2011;;Tropical_Cyclone;0;;;Unknown;Medium;1005;MX;(16.151399999999999, -92.770399999999995)
3836;22.07.2011;;Tropical_Cyclone;0;;;Unknown;Medium;6361;MX;(21.759499999999999, -104.8334)
3799;18.07.2011;Night;Rain;0;;;Known_within_10_km;Small;1320;US;(37.947800000000001, -107.8548)
3639;22.06.2011;;Tropical_Cyclone;0;;;Unknown;Medium;4463;MX;(21.981400000000001, -104.8381)
3743;07.07.2011;;Rain;0;;;Known_within_5_km;Small;3887;US;(39.631, -106.0433)
3563;02.06.2011;;Downpour;0;;;Known_within_1_km;Small;137966;HT;(18.2348, -72.5364)
3576;07.06.2011;;Downpour;13;;;Known_within_5_km;Large;283052;HT;(18.513500000000001, -72.285300000000007)
3762;12.07.2011;;Downpour;0;;;Known_within_10_km;Medium;4185;CR;(10.8916, -85.014099999999999)
3761;11.07.2011;;Downpour;0;;;Known_within_10_km;Large;43888;US;(31.473299999999998, -110.3475)
3755;09.07.2011;;Rain;0;;;Known_within_5_km;Medium;17444;US;(44.797199999999997, -106.9562)
3744;07.07.2011;;Rain;0;;;Known_within_10_km;Medium;17444;US;(44.744799999999998, -106.92489999999999)
3736;06.07.2011;;Downpour;1;;;Known_within_10_km;Medium;2201941;DO;(18.5, -69.9833)
3733;05.07.2011;02:30:00;Downpour;0;;;Known_within_5_km;Medium;15523;US;(40.453800000000001, -111.6621)
3728;04.07.2011;19:30:00;Rain;0;;;Known_within_1_km;Small;3165;US;(40.424799999999998, -79.936899999999994)
3719;03.07.2011;;Downpour;0;;;Known_within_15_km;Large;15926;US;(38.994100000000003, -84.7316)
3723;03.07.2011;;Rain;0;;;Known_within_50_km;Medium;0;VE;(8.6814999999999998, -70.701599999999999)
3661;27.06.2011;06:00:00;Rain;0;;;Known_within_5_km;Medium;1034;US;(39.7956, -105.76430000000001)
3504;18.05.2011;;Downpour;0;;;Known_within_1_km;Small;49138;US;(38.4069, -82.433300000000003)
3574;06.06.2011;Night;Downpour;2;;;Known_within_50_km;Medium;8904;CO;(7.7895000000000003, -74.2239)
3572;05.06.2011;;Downpour;0;;;Unknown;Medium;3983;EC;(0.84789999999999999, -78.060900000000004)
3569;03.06.2011;;Downpour;1;;;Known_within_50_km;Medium;9853;DO;(19.355599999999999, -70.918899999999994)
3564;02.06.2011;;Downpour;1;;;Known_within_10_km;Medium;18590;HT;(19.2088, -71.974699999999999)
3553;30.05.2011;Morning;Rain;0;;;Known_within_10_km;Small;1336;US;(41.255400000000002, -111.8305)
3551;29.05.2011;12:00:00;Downpour;0;;;Known_within_1_km;Small;9052;US;(44.192100000000003, -72.497500000000002)
3548;27.05.2011;Evening;Downpour;0;;;Known_within_1_km;Small;2521;US;(44.366599999999998, -73.897300000000001)
3531;23.05.2011;Late Night;Downpour;0;;;Known_within_1_km;Small;5157;US;(40.581299999999999, -79.802400000000006)
3529;22.05.2011;;Downpour;0;;;Known_within_5_km;Small;15335;US;(40.910800000000002, -111.81910000000001)
3510;18.05.2011;03:00:00;Downpour;0;;;Known_within_1_km;Small;5677;US;(40.521000000000001, -80.138000000000005)
3428;26.04.2011;;Downpour;0;;;Known_within_10_km;Small;5417;US;(35.180199999999999, -88.943600000000004)
3416;25.04.2011;;Downpour;0;;;Known_within_5_km;Small;1239;US;(40.127000000000002, -80.8202)
3518;20.05.2011;;Downpour;0;;;Known_within_50_km;Small;305704;US;(40.4407, -79.992800000000003)
3514;19.05.2011;Early Morning;Downpour;0;;;Known_within_1_km;Small;27126;US;(40.507100000000001, -79.740099999999998)
3443;01.05.2011;;Downpour;0;;;Known_within_5_km;Small;2237;US;(36.928400000000003, -83.063800000000001)
3515;19.05.2011;;Downpour;0;;;Known_within_10_km;Small;3050;US;(40.235700000000001, -79.535799999999995)
3417;25.04.2011;Night;Downpour;0;;;Known_within_5_km;Small;1084;US;(36.446100000000001, -92.462299999999999)
3516;19.05.2011;21:00:00;Downpour;0;;;Known_within_10_km;Medium;1336;US;(41.255400000000002, -111.8305)
3517;19.05.2011;Early Morning;Downpour;0;;;Known_within_1_km;Medium;3330;US;(40.448, -80.0595)
3505;18.05.2011;03:00:00;Downpour;0;;;Known_within_1_km;Small;49138;US;(38.407200000000003, -82.426100000000005)
3506;18.05.2011;;Downpour;0;;;Known_within_1_km;Small;49138;US;(38.400100000000002, -82.468500000000006)
3507;18.05.2011;;Downpour;0;;;Known_within_1_km;Small;49138;US;(38.400700000000001, -82.466200000000001)
3508;18.05.2011;;Downpour;0;;;Known_within_25_km;Small;49138;US;(38.4193, -82.445300000000003)
3511;18.05.2011;21:40:00;Downpour;0;;;Known_within_1_km;Medium;1440;US;(40.575499999999998, -79.828199999999995)
3502;17.05.2011;;Downpour;0;;;Known_within_1_km;Small;1064;US;(40.657299999999999, -79.837500000000006)
3501;17.05.2011;Evening;Downpour;0;;;Known_within_5_km;Medium;86387;CO;(6.9050000000000002, -73.002099999999999)
3499;16.05.2011;09:50:00;Downpour;0;;;Known_within_25_km;Medium;2392877;CO;(3.4676999999999998, -76.590800000000002)
3500;16.05.2011;05:45:00;Downpour;2;;;Known_within_15_km;Medium;8949;CO;(7.0960000000000001, -73.299400000000006)
3495;13.05.2011;;Continuous_rain;0;;;Known_within_1_km;Medium;7635;US;(40.011800000000001, -79.993499999999997)
7403;29.04.2011;12:00;Rain;0;1;Above_road;Known_within_10km;Medium;1399814;EC;(-0.26329999999999998, -78.506100000000004)
3352;11.04.2011;Early Morning;Downpour;0;;;Known_within_5_km;Medium;7279;CO;(1.4128000000000001, -77.397999999999996)
3489;11.05.2011;;Downpour;0;;;Known_within_50_km;Medium;11129;US;(38.645099999999999, -82.493700000000004)
3487;11.05.2011;;Downpour;0;;;Known_within_10_km;Small;11129;US;(38.674300000000002, -82.538799999999995)
3486;11.05.2011;;Downpour;0;;;Known_within_10_km;Small;2676;US;(38.445799999999998, -82.545299999999997)
3488;11.05.2011;;Downpour;0;;;Known_within_10_km;Small;2165;US;(38.543999999999997, -82.548000000000002)
3472;08.05.2011;Night;Rain;0;;;Known_within_10_km;Medium;1355;CR;(10.111800000000001, -83.979299999999995)
3471;08.05.2011;;Downpour;0;;;Known_within_50_km;Medium;5411;CO;(6.0061, -72.924000000000007)
3459;03.05.2011;05:00:00;Downpour;0;;;Known_within_1_km;Medium;1638;US;(38.703699999999998, -83.789500000000004)
3441;30.04.2011;;Downpour;0;;;Known_within_5_km;Medium;2184;US;(36.911799999999999, -92.083299999999994)
3438;28.04.2011;;Downpour;0;;;Known_within_5_km;Medium;2764;US;(37.155200000000001, -87.7898)
3436;27.04.2011;Early Morning;Downpour;0;;;Known_within_10_km;Small;1750;US;(36.163800000000002, -87.508499999999998)
3434;27.04.2011;Early Morning;Downpour;0;;;Known_within_5_km;Small;14538;US;(36.056199999999997, -87.474500000000006)
3427;26.04.2011;;Downpour;0;;;Known_within_1_km;Small;4801;US;(39.018799999999999, -84.267700000000005)
3418;25.04.2011;;Downpour;0;;;Exact_location;Medium;2782;US;(39.2515, -84.651499999999999)
3414;25.04.2011;;Downpour;0;;;Known_within_1_km;Small;15273;US;(39.106499999999997, -84.501000000000005)
3390;21.04.2011;;Downpour;0;;;Known_within_1_km;Medium;5259;US;(39.074399999999997, -84.644900000000007)
3413;25.04.2011;20:00:00;Downpour;0;;;Known_within_1_km;Small;296943;US;(39.164700000000003, -84.427099999999996)
3412;25.04.2011;;Downpour;0;;;Known_within_5_km;Small;2554;US;(37.0379, -88.026700000000005)
3411;25.04.2011;;Downpour;0;;;Known_within_1_km;Small;5955;US;(39.107500000000002, -84.4953)
3403;24.04.2011;;Downpour;7;;;Unknown;Medium;23687;EC;(-2.0398000000000001, -78.435900000000004)
3391;21.04.2011;;Downpour;0;;;Known_within_1_km;Medium;3035;US;(39.0456, -84.4833)
3398;23.04.2011;Night;Rain;0;;;Known_within_5_km;Medium;8603;CO;(6.7424999999999997, -76.155100000000004)
3393;22.04.2011;;Downpour;2;;;Known_within_5_km;Medium;49169;CO;(6.3704000000000001, -75.440799999999996)
3386;21.04.2011;;Downpour;0;;;Known_within_5_km;Small;24757;US;(38.956600000000002, -84.525599999999997)
3387;21.04.2011;;Downpour;0;;;Known_within_1_km;Small;5912;US;(39.018900000000002, -84.453599999999994)
3388;21.04.2011;;Downpour;0;;;Known_within_1_km;Small;3925;US;(38.529299999999999, -84.599000000000004)
3392;21.04.2011;;Downpour;0;;;Known_within_25_km;Medium;8477;US;(38.993899999999996, -84.358000000000004)
3367;16.04.2011;;Downpour;0;;;Known_within_10_km;Medium;1577;CO;(4.6501999999999999, -74.399000000000001)
3355;12.04.2011;03:00:00;Downpour;0;;;Known_within_1_km;Small;2256;GD;(12.197900000000001, -61.698999999999998)
3364;14.04.2011;02:00:00;Downpour;0;;;Known_within_5_km;Medium;1171;US;(40.652500000000003, -80.067099999999996)
3362;13.04.2011;night;Downpour;4;;Unknown;Known_within_25km;Medium;10191;CO;(6.468, -74.941100000000006)
3359;13.04.2011;;Downpour;0;;;Known_within_10_km;Small;357814;CO;(5.0656999999999996, -75.508200000000002)
3360;13.04.2011;Evening;Downpour;20;;;Known_within_5_km;Large;35302;CO;(5.0343, -75.372299999999996)
3357;12.04.2011;;Downpour;0;;;Known_within_10_km;Medium;1680;VC;(13.2767, -61.1372)
3356;12.04.2011;Morning;Downpour;0;;;Known_within_5_km;Small;3378;GD;(12.135300000000001, -61.687100000000001)
3358;12.04.2011;Morning;Downpour;0;;;Known_within_1_km;Small;5955;US;(39.115299999999998, -84.488100000000003)
3347;10.04.2011;Early Morning;Downpour;4;;;Known_within_1_km;Medium;1999979;CO;(6.2378999999999998, -75.528300000000002)
3351;10.04.2011;;Downpour;0;;;Known_within_1_km;Small;3744;US;(40.498100000000001, -80.003799999999998)
3346;09.04.2011;;Downpour;0;;;Known_within_5_km;Small;1554;US;(37.997700000000002, -81.520099999999999)
3345;08.04.2011;;Rain;0;;Below_road;Known_within_1_km;Small;20213;US;(41.467100000000002, -81.824200000000005)
3343;06.04.2011;;Rain;0;;;Known_within_1_km;Small;5677;US;(40.519599999999997, -80.137600000000006)
3311;28.03.2011;;Rain;0;;;Known_within_5_km;Medium;357814;CO;(5.0568999999999997, -75.527100000000004)
3303;26.03.2011;Morning;Downpour;0;;;Known_within_5_km;Medium;9277;US;(33.181699999999999, -117.0005)
3255;20.03.2011;Afternoon;Downpour;0;;;Known_within_5_km;Medium;35302;CO;(5.0255000000000001, -75.523600000000002)
3243;16.03.2011;;Downpour;0;;;Known_within_1_km;Medium;1592;US;(39.854100000000003, -80.824299999999994)
3231;15.03.2011;Night;Downpour;0;;;Known_within_1_km;Medium;1171;US;(40.6357, -80.027100000000004)
3227;15.03.2011;;Downpour;0;;;Exact_location;Small;12548;US;(33.797499999999999, -85.762)
3210;13.03.2011;23:00:00;Downpour;0;;;Known_within_5_km;Medium;1482;US;(40.232399999999998, -80.664599999999993)
3201;11.03.2011;Early Morning;Downpour;0;;;Known_within_5_km;Medium;1482;US;(40.232399999999998, -80.664599999999993)
3200;11.03.2011;Early Morning;Downpour;0;;;Known_within_1_km;Small;4278;US;(39.998399999999997, -80.778499999999994)
3198;10.03.2011;;Downpour;0;;;Known_within_5_km;Medium;2681;US;(36.869300000000003, -80.659700000000001)
3189;09.03.2011;Night;Downpour;0;;;Known_within_5_km;Medium;1036;US;(40.212000000000003, -80.577799999999996)
3188;09.03.2011;Night;Downpour;0;;;Known_within_5_km;Small;1036;US;(40.185400000000001, -80.543199999999999)
3181;08.03.2011;Early Morning;Downpour;0;;;Known_within_1_km;Medium;1244;US;(40.392699999999998, -80.109099999999998)
3168;02.03.2011;Night;Downpour;0;;;Known_within_15_km;Medium;8114;PA;(9.3224, -82.473200000000006)
3167;02.03.2011;Night;Downpour;0;;;Known_within_50_km;Medium;1283;PA;(7.5955000000000004, -80.38)
3131;16.02.2011;;Downpour;0;;;Known_within_10_km;Medium;2757;JM;(18.168900000000001, -76.685199999999995)
3130;16.02.2011;;Downpour;0;;;Known_within_25_km;Medium;2046;JM;(18.272400000000001, -76.910399999999996)
2962;11.01.2011;23:30:00;Downpour;0;;;Known_within_25_km;Medium;19092;CR;(10.166, -83.935599999999994)
